{
    "acc" : [0.68949, 0.69520, 0.74934, 0.77694, 0.77500, 0.77908, 0.78200, 0.78371, 0.78408, 0.78590, 0.78028, 0.78451, 0.78556, 0.78653, 0.78460, 0.78487, 0.78557, 0.78428, 0.78464, 0.78304],
    "loss" : [0.27212, 0.25959, 0.24352, 0.23791, 0.23331, 0.22934, 0.24454, 0.25475, 0.25893, 0.25916, 0.27045, 0.26933, 0.26843, 0.29472, 0.27623, 0.27875, 0.28055, 0.28645, 0.28325, 0.28067],
    "val_acc" :[1.00000, 1.00000, 0.95170, 0.91619, 0.84318, 0.82152, 0.85270, 0.78679, 0.83551, 0.83132, 0.82791, 0.82933, 0.83123, 0.82812, 0.83097, 0.83075, 0.83075, 0.82791, 0.82933, 0.83018],
    "val_loss": [0.24273, 0.29845, 0.29464, 0.29700, 0.29899, 0.29993, 0.29496, 0.29315, 0.29476, 0.29503, 0.29516, 0.29472, 0.29398, 0.29489, 0.29460, 0.29443, 0.29418, 0.29431, 0.29393, 0.29408]
}